{
  "best_model": "logistic_regression",
  "best_params": {
    "C": 0.05,
    "solver": "lbfgs"
  },
  "calibrated": true,
  "cv_results": {
    "logistic_regression": {
      "cv_roc_auc_mean": 0.8388323778169537,
      "cv_roc_auc_std": 0.011261012897182003
    },
    "random_forest": {
      "cv_roc_auc_mean": 0.8173062442085577,
      "cv_roc_auc_std": 0.009064050107856918
    },
    "hist_gradient_boosting": {
      "cv_roc_auc_mean": 0.8264793427004223,
      "cv_roc_auc_std": 0.019558489000029405
    }
  },
  "tuned_cv_roc_auc": 0.8394937563767897,
  "test_roc_auc": 0.8417489711934157,
  "test_pr_auc": 0.26370261040376985,
  "screening_threshold": 0.0356819042157074,
  "baseline_always_negative_accuracy": 0.9510763209393346,
  "classification_report": {
    "0": {
      "precision": 0.9878787878787879,
      "recall": 0.6707818930041153,
      "f1-score": 0.7990196078431373,
      "support": 972.0
    },
    "1": {
      "precision": 0.11602209944751381,
      "recall": 0.84,
      "f1-score": 0.20388349514563106,
      "support": 50.0
    },
    "accuracy": 0.6790606653620352,
    "macro avg": {
      "precision": 0.5519504436631508,
      "recall": 0.7553909465020576,
      "f1-score": 0.5014515514943841,
      "support": 1022.0
    },
    "weighted avg": {
      "precision": 0.9452243510670817,
      "recall": 0.6790606653620352,
      "f1-score": 0.7699033596681125,
      "support": 1022.0
    }
  },
  "confusion_matrix": [
    [
      652,
      320
    ],
    [
      8,
      42
    ]
  ],
  "n_train": 4088,
  "n_test": 1022,
  "positive_rate": 0.0487279843444227,
  "population_risk": 0.04903609428959542
}